{
  "roc_auc": 0.6756833751610934,
  "accuracy": 0.5767195767195767,
  "precision": 0.22955145118733508,
  "recall": 0.7565217391304347,
  "f1": 0.3522267206477732,
  "threshold": 0.265,
  "confusion_matrix": [
    [
      349,
      292
    ],
    [
      28,
      87
    ]
  ],
  "used_smote": true
}